bag_id,b3_dak_type,b3_rmse_lod22_m,b3_pw_bron,b3_mutatie_ahn4_ahn5,b3_kwaliteitsindicator
0503100000000020,multiple horizontal,1.2927190065383911,ahn5,False,True
0503100000000021,multiple horizontal,0.053889065980911255,ahn5,False,True
0503100000000022,slanted,0.1588824838399887,ahn5,False,True
0503100000000144,slanted,0.40607118606567383,ahn5,False,True
0503100000000166,slanted,0.8968648314476013,ahn5,False,True
0503100000000167,slanted,0.16454707086086273,ahn5,False,True
0503100000000168,slanted,2.2728254795074463,ahn5,False,True
0503100000000169,slanted,0.6187885999679565,ahn5,False,True
0503100000000190,slanted,0.08122061938047409,ahn5,False,True
0503100000000191,horizontal,0.0861220434308052,ahn5,False,True
0503100000000193,slanted,0.6465486884117126,ahn5,False,True
0503100000000195,slanted,0.1723438799381256,ahn5,False,True
0503100000001494,slanted,0.2041500061750412,ahn5,False,True
0503100000001495,slanted,0.07544682919979095,ahn5,False,True
0503100000001496,horizontal,0.027187814936041832,ahn5,False,True
0503100000001498,slanted,0.27448949217796326,ahn5,False,True
0503100000001499,slanted,0.180520698428154,ahn5,False,True
0503100000001500,horizontal,0.03367646038532257,ahn5,False,True
0503100000001501,horizontal,0.021041303873062134,ahn5,False,True
0503100000001502,slanted,0.037128545343875885,ahn5,False,True
0503100000001545,multiple horizontal,0.14694532752037048,ahn5,False,True
0503100000001546,horizontal,0.026366112753748894,ahn5,False,True
0503100000001547,horizontal,0.5459814071655273,ahn5,False,True
0503100000001548,slanted,1.0086501836776733,ahn5,False,True
0503100000001710,slanted,0.5180028676986694,ahn4,False,True
0503100000001711,horizontal,0.6634880900382996,ahn5,False,True
0503100000001712,slanted,0.20233742892742157,ahn5,False,True
0503100000001713,slanted,0.5000293254852295,ahn5,False,True
0503100000001714,slanted,0.3972131907939911,ahn5,False,True
0503100000001715,horizontal,0.5631191730499268,ahn5,False,True
0503100000001716,slanted,0.8191553950309753,ahn5,False,True
0503100000001717,slanted,0.18060000240802765,ahn5,False,True
0503100000001718,multiple horizontal,0.8366383910179138,ahn5,False,True
0503100000001719,slanted,0.24216009676456451,ahn5,False,True
0503100000001720,slanted,0.3835563659667969,ahn5,False,True
0503100000001721,slanted,0.26480555534362793,ahn5,False,True
0503100000001722,slanted,0.24135220050811768,ahn5,False,True
0503100000001723,slanted,0.2804233133792877,ahn5,False,True
0503100000001724,horizontal,0.09968965500593185,ahn5,False,True
0503100000001928,slanted,0.8996040225028992,ahn5,False,True
0503100000001929,horizontal,0.09772893786430359,ahn5,False,True
0503100000001930,multiple horizontal,0.7872897386550903,ahn5,False,True
0503100000001931,multiple horizontal,0.8069344162940979,ahn5,False,True
0503100000001932,horizontal,0.031625114381313324,ahn5,False,True
0503100000001933,slanted,0.08049974590539932,ahn5,False,True
0503100000001934,horizontal,0.10037682205438614,ahn5,False,True
0503100000001935,slanted,0.27073588967323303,ahn5,False,True
0503100000001936,slanted,0.0588507279753685,ahn5,False,True
0503100000001937,slanted,0.04781120643019676,ahn5,False,True
0503100000001938,slanted,0.08473702520132065,ahn5,False,True
0503100000001939,horizontal,0.01652427949011326,ahn5,False,True
0503100000002020,horizontal,0.1154826357960701,ahn5,False,True
0503100000002021,horizontal,0.12950299680233002,ahn5,False,True
0503100000002022,horizontal,0.015164298936724663,ahn5,False,True
0503100000002023,slanted,0.05617153272032738,ahn5,False,True
0503100000002024,horizontal,0.03801657631993294,ahn5,False,True
0503100000002025,horizontal,0.09197881817817688,ahn5,False,True
0503100000002026,horizontal,0.0503794327378273,ahn5,False,True
0503100000002027,horizontal,0.03289465978741646,ahn5,False,True
0503100000002028,horizontal,0.03277331218123436,ahn5,False,True
0503100000002029,horizontal,0.02451963908970356,ahn5,False,True
0503100000002030,horizontal,0.018182341009378433,ahn5,False,True
0503100000002031,slanted,0.040773019194602966,ahn5,False,True
0503100000002032,slanted,0.0554254949092865,ahn5,False,True
0503100000002033,horizontal,0.08924535661935806,ahn5,False,True
0503100000002034,slanted,0.2606736719608307,ahn5,False,True
0503100000004387,horizontal,0.035949449986219406,ahn5,False,True
0503100000008848,slanted,0.7473931908607483,ahn5,False,True
0503100000008849,horizontal,0.0808817595243454,ahn5,False,True
0503100000008850,multiple horizontal,0.09831096976995468,ahn5,False,True
0503100000008851,horizontal,0.021948395296931267,ahn5,False,True
0503100000008852,horizontal,0.018154136836528778,ahn5,False,True
0503100000008853,horizontal,0.019345514476299286,ahn5,False,True
0503100000008854,horizontal,0.01839531771838665,ahn5,False,True
0503100000008855,horizontal,0.022296452894806862,ahn5,False,True
0503100000008856,horizontal,0.021373676136136055,ahn5,False,True
0503100000008857,horizontal,0.019565142691135406,ahn5,False,True
0503100000008858,horizontal,0.06155713275074959,ahn5,False,True
0503100000008859,horizontal,0.02600058913230896,ahn5,False,True
0503100000008860,horizontal,0.02359420619904995,ahn5,False,True
0503100000008861,horizontal,0.020208382979035378,ahn5,False,True
0503100000008862,horizontal,0.02150670252740383,ahn5,False,True
0503100000008863,horizontal,0.021934738382697105,ahn5,False,True
0503100000008864,horizontal,0.020261313766241074,ahn5,False,True
0503100000008865,horizontal,0.016894321888685226,ahn5,False,True
0503100000008866,horizontal,0.024667484685778618,ahn5,False,True
0503100000008867,horizontal,0.021700697019696236,ahn5,False,True
0503100000008868,horizontal,0.02887580730021,ahn5,False,True
0503100000008869,horizontal,0.026625681668519974,ahn5,False,True
0503100000008870,horizontal,0.021473709493875504,ahn5,False,True
0503100000008871,horizontal,0.019858362153172493,ahn5,False,True
0503100000008872,horizontal,0.020459303632378578,ahn5,False,True
0503100000008880,horizontal,0.05857493355870247,ahn5,False,True
0503100000008881,horizontal,0.07583466172218323,ahn5,False,True
0503100000009003,slanted,1.0528713464736938,ahn5,False,True
0503100000009004,slanted,0.5104126930236816,ahn5,False,True
0503100000009005,slanted,1.3662612438201904,ahn5,False,True
0503100000009006,multiple horizontal,1.0226281881332397,ahn5,False,True
0503100000009007,multiple horizontal,1.090671420097351,ahn5,False,True
0503100000009008,horizontal,0.039668530225753784,ahn5,False,True
0503100000009009,slanted,1.1662805080413818,ahn5,False,True
0503100000009010,slanted,0.9992297887802124,ahn5,False,True
0503100000009011,slanted,1.1448359489440918,ahn5,False,True
0503100000009012,slanted,0.8818925619125366,ahn5,False,True
0503100000009013,horizontal,0.9373197555541992,ahn5,False,True
0503100000009014,slanted,1.189210295677185,ahn5,False,True
0503100000009015,horizontal,0.691393256187439,ahn5,False,True
0503100000009016,slanted,1.0602822303771973,ahn5,False,True
0503100000009017,slanted,0.7610318660736084,ahn5,False,True
0503100000009018,slanted,0.9309999346733093,ahn5,False,True
0503100000009019,slanted,0.023431828245520592,ahn5,False,True
0503100000009020,slanted,0.10686364024877548,ahn5,False,True
0503100000009021,horizontal,0.09636619687080383,ahn5,False,True
0503100000009022,horizontal,0.08352978527545929,ahn5,False,True
0503100000010260,horizontal,0.031059332191944122,ahn5,False,True
0503100000010264,horizontal,0.08246227353811264,ahn5,False,True
0503100000010265,horizontal,0.5019016861915588,ahn5,False,True
0503100000010266,slanted,0.7882398366928101,ahn5,False,True
0503100000010267,slanted,0.6501332521438599,ahn5,False,True
0503100000010268,slanted,0.7401052117347717,ahn5,False,True
0503100000010269,horizontal,0.05992087349295616,ahn5,False,True
0503100000010270,horizontal,0.07867187261581421,ahn5,False,True
0503100000010271,multiple horizontal,0.7995691895484924,ahn5,False,True
0503100000010272,slanted,0.8176339268684387,ahn4,False,True
0503100000010273,slanted,0.13317009806632996,ahn5,False,True
0503100000010274,slanted,1.140505313873291,ahn5,False,True
0503100000010275,multiple horizontal,0.9534485936164856,ahn5,False,True
0503100000010276,slanted,0.6312002539634705,ahn4,False,True
0503100000010277,slanted,0.9711179733276367,ahn5,False,True
0503100000010278,slanted,0.826927900314331,ahn5,False,True
0503100000010279,multiple horizontal,0.829034149646759,ahn5,False,True
0503100000010280,horizontal,0.8871864676475525,ahn5,False,True
0503100000010281,horizontal,0.5243123173713684,ahn5,False,True
0503100000010364,slanted,0.19107766449451447,ahn5,False,True
0503100000010365,slanted,0.18731868267059326,ahn5,False,True
0503100000010366,slanted,0.7380998134613037,ahn5,False,True
0503100000010367,slanted,1.0625240802764893,ahn5,False,True
0503100000010368,slanted,0.7122001051902771,ahn5,False,True
0503100000010369,slanted,0.5892605781555176,ahn5,False,True
0503100000010370,slanted,0.9981887340545654,ahn5,False,True
0503100000010371,horizontal,0.3962835371494293,ahn5,False,True
0503100000010372,horizontal,0.05593980476260185,ahn5,False,True
0503100000010373,slanted,0.5414305925369263,ahn5,False,True
0503100000010374,horizontal,0.03302677348256111,ahn5,False,True
0503100000010375,slanted,0.649071216583252,ahn5,False,True
0503100000010376,multiple horizontal,0.7974112629890442,ahn5,False,True
0503100000010377,horizontal,0.5033420324325562,ahn5,False,True
0503100000010378,slanted,0.8658382296562195,ahn5,False,True
0503100000010379,slanted,0.2230505347251892,ahn5,False,True
0503100000010380,slanted,0.9423998594284058,ahn5,False,True
0503100000010381,slanted,0.2044290006160736,ahn5,False,True
0503100000010382,slanted,0.5294907689094543,ahn5,False,True
0503100000010383,slanted,0.03616824746131897,ahn5,False,True
0503100000010384,slanted,0.3669796288013458,ahn5,False,True
0503100000010385,multiple horizontal,0.5170592665672302,ahn5,False,True
0503100000010386,slanted,0.18903383612632751,ahn5,False,True
0503100000010387,slanted,0.8353519439697266,ahn5,False,True
0503100000010388,slanted,0.33919501304626465,ahn5,False,True
0503100000010389,slanted,0.15734370052814484,ahn5,False,True
0503100000010390,slanted,0.44629013538360596,ahn5,False,True
0503100000010391,horizontal,0.13006038963794708,ahn5,False,True
0503100000010392,slanted,0.5949270129203796,ahn5,False,True
0503100000010393,slanted,0.20757785439491272,ahn5,False,True
0503100000010394,slanted,0.699344277381897,ahn5,False,True
0503100000010395,slanted,0.18934953212738037,ahn5,False,True
0503100000010396,slanted,0.22324316203594208,ahn5,False,True
0503100000010397,horizontal,0.04491640627384186,ahn5,False,True
0503100000010398,slanted,0.20078450441360474,ahn5,False,True
0503100000010399,slanted,0.23513099551200867,ahn5,False,True
0503100000010400,slanted,0.21287524700164795,ahn5,False,True
0503100000010401,multiple horizontal,0.23556768894195557,ahn5,False,True
0503100000010402,slanted,0.15336379408836365,ahn5,False,True
0503100000010403,horizontal,0.10615523159503937,ahn5,False,True
0503100000010887,slanted,0.17968513071537018,ahn5,False,True
0503100000010888,slanted,0.0550590381026268,ahn5,False,True
0503100000010889,horizontal,0.02488802559673786,ahn5,False,True
0503100000010890,slanted,0.14910265803337097,ahn5,False,True
0503100000010893,horizontal,0.03733689337968826,ahn4,False,True
0503100000010894,horizontal,0.018008660525083542,ahn5,False,True
0503100000010895,horizontal,0.026783719658851624,ahn5,False,True
0503100000010896,horizontal,0.020148230716586113,ahn5,False,True
0503100000010897,horizontal,0.021367382258176804,ahn5,False,True
0503100000010898,horizontal,0.030873797833919525,ahn5,False,True
0503100000010899,horizontal,0.014609971083700657,ahn5,False,True
0503100000011454,horizontal,0.09512557089328766,ahn5,False,True
0503100000011455,horizontal,0.016679635271430016,ahn5,False,True
0503100000011456,horizontal,0.016427194699645042,ahn5,False,True
0503100000011457,horizontal,0.04636366665363312,ahn5,False,True
0503100000011458,slanted,0.2803625762462616,ahn5,False,True
0503100000011459,horizontal,0.02185113914310932,ahn5,False,True
0503100000011548,slanted,0.23984012007713318,ahn5,False,True
0503100000011549,multiple horizontal,0.12250523269176483,ahn5,False,True
0503100000011550,multiple horizontal,0.10789159685373306,ahn5,False,True
0503100000011551,horizontal,0.01765788346529007,ahn5,False,True
0503100000011552,horizontal,0.07998913526535034,ahn5,False,True
0503100000011553,multiple horizontal,0.10638242214918137,ahn5,False,True
0503100000011554,multiple horizontal,0.1654438078403473,ahn5,False,True
0503100000011562,horizontal,0.017050540074706078,ahn5,False,True
0503100000011563,horizontal,0.021938396617770195,ahn5,False,True
0503100000011564,horizontal,0.02090083248913288,ahn5,False,True
0503100000011565,horizontal,0.025456314906477928,ahn5,False,True
0503100000011566,horizontal,0.02186674438416958,ahn5,False,True
0503100000011567,horizontal,0.017272617667913437,ahn5,False,True
0503100000011568,horizontal,0.09371341019868851,ahn5,False,True
0503100000011569,horizontal,0.03919317200779915,ahn5,False,True
0503100000011570,horizontal,0.021367939189076424,ahn5,False,True
0503100000011571,horizontal,0.020197669044137,ahn5,False,True
0503100000011572,horizontal,0.017321307212114334,ahn5,False,True
0503100000011657,horizontal,0.019306154921650887,ahn5,False,True
0503100000011658,horizontal,0.0201354268938303,ahn5,False,True
0503100000011806,horizontal,0.1077536791563034,ahn5,False,True
0503100000011807,horizontal,0.10071859508752823,ahn5,False,True
0503100000011808,slanted,0.30535170435905457,ahn5,False,True
0503100000011809,slanted,0.3012075424194336,ahn5,False,True
0503100000011810,slanted,0.06786388903856277,ahn5,False,True
0503100000011811,multiple horizontal,0.8873143196105957,ahn5,False,True
0503100000011812,slanted,0.4130452573299408,ahn5,False,True
0503100000011813,slanted,0.7114922404289246,ahn5,False,True
0503100000011814,slanted,0.6765421628952026,ahn5,False,True
0503100000011815,slanted,0.3357732892036438,ahn5,False,True
0503100000011816,slanted,0.9329867959022522,ahn5,False,True
0503100000011817,slanted,0.2917811870574951,ahn5,False,True
0503100000011818,multiple horizontal,0.28342708945274353,ahn5,False,True
0503100000011819,slanted,0.277329683303833,ahn5,True,True
0503100000011820,slanted,0.3037702739238739,ahn5,False,True
0503100000011821,slanted,0.8782356381416321,ahn5,False,True
0503100000011822,slanted,0.8101063370704651,ahn5,False,True
0503100000011823,slanted,0.22947627305984497,ahn5,False,True
0503100000011824,slanted,0.22730936110019684,ahn5,False,True
0503100000011825,slanted,0.198222815990448,ahn5,False,True
0503100000011826,slanted,0.1979072540998459,ahn5,False,True
0503100000011827,slanted,0.0606408454477787,ahn5,False,True
0503100000011828,multiple horizontal,0.03156974911689758,ahn5,False,True
0503100000011829,multiple horizontal,0.039741698652505875,ahn5,False,True
0503100000011830,multiple horizontal,0.03571837395429611,ahn5,False,True
0503100000011831,multiple horizontal,0.027984552085399628,ahn5,False,True
0503100000011832,multiple horizontal,0.033435508608818054,ahn5,False,True
0503100000011915,horizontal,0.0131662143394351,ahn5,False,True
0503100000011916,horizontal,0.01249273307621479,ahn5,False,True
0503100000011917,horizontal,0.21409468352794647,ahn4,False,True
0503100000011918,horizontal,0.011531337164342403,ahn5,False,True
0503100000011919,horizontal,0.015186687931418419,ahn5,False,True
0503100000011920,horizontal,0.02745003253221512,ahn5,False,True
0503100000011921,horizontal,0.05276179313659668,ahn5,False,True
0503100000011922,horizontal,0.012183825485408306,ahn5,False,True
0503100000011923,horizontal,0.010997450910508633,ahn5,False,True
0503100000011924,horizontal,0.012640764005482197,ahn5,False,True
0503100000011925,horizontal,0.01330625917762518,ahn5,False,True
0503100000011926,horizontal,0.01410370972007513,ahn5,False,True
0503100000012850,horizontal,0.10878324508666992,ahn5,False,True
0503100000012851,horizontal,0.034081991761922836,ahn5,False,True
0503100000012852,horizontal,0.03085172176361084,ahn5,False,True
0503100000013767,horizontal,0.016240611672401428,ahn5,False,True
0503100000013768,horizontal,0.032528355717659,ahn5,False,True
0503100000013769,horizontal,0.04443378001451492,ahn4,False,True
0503100000013770,horizontal,0.04865766689181328,ahn5,False,True
0503100000013771,horizontal,0.028534233570098877,ahn5,False,True
0503100000013772,horizontal,0.03410203754901886,ahn5,False,True
0503100000013773,horizontal,0.09318012744188309,ahn5,False,True
0503100000013774,horizontal,0.02889586240053177,ahn5,False,True
0503100000013775,horizontal,0.026298323646187782,ahn5,False,True
0503100000013776,horizontal,0.0292811281979084,ahn5,False,True
0503100000013777,horizontal,0.021909160539507866,ahn5,False,True
0503100000013778,horizontal,0.05482368916273117,ahn5,False,True
0503100000013779,horizontal,0.05898536741733551,ahn5,False,True
0503100000013780,slanted,0.05939013883471489,ahn5,False,True
0503100000013831,horizontal,0.09169305860996246,ahn5,False,True
0503100000013832,horizontal,0.09214562922716141,ahn5,False,True
0503100000013833,horizontal,0.01868457719683647,ahn5,False,True
0503100000013834,horizontal,0.0872754156589508,ahn5,False,True
0503100000013835,horizontal,0.016995422542095184,ahn5,False,True
0503100000013836,horizontal,0.016804154962301254,ahn5,False,True
0503100000013837,horizontal,0.023948291316628456,ahn5,False,True
0503100000013838,horizontal,0.08966938406229019,ahn5,False,True
0503100000013839,slanted,0.05435173586010933,ahn5,False,True
0503100000013840,horizontal,0.04584427922964096,ahn5,False,True
0503100000013841,horizontal,0.0890212431550026,ahn5,False,True
0503100000013842,horizontal,0.07689889520406723,ahn5,False,True
0503100000013843,horizontal,0.08264824002981186,ahn5,False,True
0503100000013844,horizontal,0.08903325349092484,ahn5,False,True
0503100000013845,horizontal,0.0886780172586441,ahn5,False,True
0503100000013846,horizontal,0.05143288895487785,ahn5,False,True
0503100000013847,slanted,0.019567757844924927,ahn5,False,True
0503100000013848,horizontal,0.01123781967908144,ahn5,False,True
0503100000013849,horizontal,0.08184569329023361,ahn5,False,True
0503100000013850,horizontal,0.07723353058099747,ahn5,False,True
0503100000013851,slanted,0.38800832629203796,ahn5,False,True
0503100000013852,horizontal,0.0883394107222557,ahn5,False,True
0503100000013853,horizontal,0.08853857219219208,ahn5,False,True
0503100000013854,horizontal,0.08748700469732285,ahn5,False,True
0503100000013855,horizontal,0.05731050297617912,ahn5,False,True
0503100000013856,horizontal,0.025999542325735092,ahn5,False,True
0503100000013857,horizontal,0.0256813894957304,ahn5,False,True
0503100000013864,slanted,0.05707976594567299,ahn5,False,True
0503100000013865,horizontal,0.025458645075559616,ahn5,False,True
0503100000013866,horizontal,0.05847301706671715,ahn5,False,True
0503100000013867,horizontal,0.08693026751279831,ahn5,False,True
0503100000013868,slanted,0.06239434704184532,ahn5,False,True
0503100000013869,horizontal,0.088262639939785,ahn5,False,True
0503100000013870,slanted,0.06507258862257004,ahn5,False,True
0503100000013871,horizontal,0.08716962486505508,ahn5,False,True
0503100000013872,horizontal,0.09527447819709778,ahn5,False,True
0503100000013873,horizontal,0.08512958884239197,ahn5,False,True
0503100000013874,horizontal,0.10414496809244156,ahn5,False,True
0503100000013875,slanted,0.05447079613804817,ahn5,False,True
0503100000013876,slanted,0.06178974732756615,ahn5,False,True
0503100000013877,horizontal,0.08970745652914047,ahn5,False,True
0503100000013878,horizontal,0.09502381831407547,ahn5,False,True
0503100000013880,horizontal,0.05945240706205368,ahn5,False,True
0503100000013881,slanted,0.09328693896532059,ahn5,False,True
0503100000014644,horizontal,0.061457403004169464,ahn5,False,True
0503100000014645,slanted,0.04560869187116623,ahn5,False,True
0503100000014646,horizontal,0.0159572996199131,ahn5,False,True
0503100000014647,slanted,0.013273467309772968,ahn5,False,True
0503100000014648,slanted,0.04402574896812439,ahn5,False,True
0503100000014649,slanted,0.04240477830171585,ahn5,False,True
0503100000014650,horizontal,0.047839779406785965,ahn5,False,True
0503100000014651,slanted,0.03272678330540657,ahn5,False,True
0503100000014652,horizontal,0.4614277482032776,ahn3,False,True
0503100000014653,horizontal,0.43185800313949585,ahn3,False,True
0503100000014654,horizontal,0.08035776019096375,ahn5,False,True
0503100000014655,horizontal,0.016838474199175835,ahn5,False,True
0503100000014718,slanted,0.020499370992183685,ahn5,False,True
0503100000014719,slanted,0.050987083464860916,ahn5,False,True
0503100000014720,slanted,0.0265517421066761,ahn5,False,True
0503100000014721,horizontal,0.029968205839395523,ahn5,False,True
0503100000014722,horizontal,0.0318310409784317,ahn5,False,True
0503100000014723,slanted,0.03712212294340134,ahn5,False,True
0503100000014724,horizontal,0.02199036069214344,ahn5,False,True
0503100000014725,slanted,0.3544434905052185,ahn5,False,True
0503100000014726,slanted,0.03314018249511719,ahn5,False,True
0503100000014727,horizontal,0.0184159055352211,ahn5,False,True
0503100000014728,slanted,1.0667757987976074,ahn5,False,True
0503100000014729,slanted,0.05736801400780678,ahn5,False,True
0503100000014730,horizontal,0.02393774874508381,ahn5,False,True
0503100000014731,slanted,0.07234136760234833,ahn5,False,True
0503100000014732,horizontal,0.023686150088906288,ahn5,False,True
0503100000014733,slanted,0.10002248734235764,ahn5,False,True
0503100000014734,horizontal,0.016703808680176735,ahn5,False,True
0503100000014735,horizontal,0.03609314560890198,ahn5,False,True
0503100000014736,horizontal,0.02272043190896511,ahn5,False,True
0503100000014737,horizontal,0.02626829780638218,ahn5,False,True
0503100000014738,horizontal,0.015011302195489407,ahn5,False,True
0503100000014739,slanted,0.04106937721371651,ahn5,False,True
0503100000014740,horizontal,0.02139023132622242,ahn5,False,True
0503100000014741,slanted,0.10152953863143921,ahn5,False,True
0503100000014742,horizontal,0.020273808389902115,ahn5,False,True
0503100000014743,horizontal,0.02006339654326439,ahn5,False,True
0503100000014744,slanted,0.04073971137404442,ahn5,False,True
0503100000014745,slanted,0.041982684284448624,ahn5,False,True
0503100000014746,horizontal,0.048150599002838135,ahn5,False,True
0503100000014747,slanted,0.07366571575403214,ahn5,False,True
0503100000014748,horizontal,0.036792051047086716,ahn5,False,True
0503100000014749,horizontal,0.028346404433250427,ahn5,False,True
0503100000014750,horizontal,0.02353554219007492,ahn5,False,True
0503100000014835,slanted,0.059348512440919876,ahn5,False,True
0503100000014836,horizontal,0.17460964620113373,ahn5,False,True
0503100000014837,slanted,0.05820295587182045,ahn5,False,True
0503100000014838,slanted,0.04974858835339546,ahn5,False,True
0503100000014839,horizontal,0.019293587654829025,ahn5,False,True
0503100000014840,horizontal,0.014461197890341282,ahn5,False,True
0503100000014841,horizontal,0.029101448133587837,ahn5,False,True
0503100000014842,horizontal,0.013788462616503239,ahn5,False,True
0503100000014843,horizontal,0.10411223024129868,ahn5,False,True
0503100000014844,horizontal,0.03194136172533035,ahn5,False,True
0503100000014845,horizontal,0.04544440656900406,ahn5,False,True
0503100000014846,horizontal,0.007382128853350878,ahn3,False,True
0503100000014847,slanted,0.04632753133773804,ahn5,False,True
0503100000014848,slanted,0.04332851991057396,ahn5,False,True
0503100000014849,horizontal,0.6011869311332703,ahn4,False,True
0503100000014850,slanted,0.05596249923110008,ahn5,False,True
0503100000014851,horizontal,0.05320687219500542,ahn5,False,True
0503100000014852,slanted,0.0510069765150547,ahn5,False,True
0503100000014853,horizontal,0.011012322269380093,ahn5,False,True
0503100000014854,slanted,0.05039612203836441,ahn5,False,True
0503100000014855,horizontal,0.022593865171074867,ahn5,False,True
0503100000014856,horizontal,0.03840377926826477,ahn5,False,True
0503100000014857,horizontal,0.012029135599732399,ahn3,False,True
0503100000014858,horizontal,0.022670399397611618,ahn5,False,True
0503100000015201,horizontal,0.025091230869293213,ahn5,False,True
0503100000015202,horizontal,0.0324464812874794,ahn5,False,True
0503100000015286,horizontal,0.01997157372534275,ahn5,False,True
0503100000015287,horizontal,0.03304145112633705,ahn5,False,True
0503100000015288,horizontal,0.02001623436808586,ahn5,False,True
0503100000015289,slanted,0.060189031064510345,ahn5,False,True
0503100000015290,horizontal,0.08514652401208878,ahn5,False,True
0503100000015291,horizontal,0.06157485768198967,ahn5,False,True
0503100000015292,horizontal,0.055301785469055176,ahn5,False,True
0503100000015293,slanted,0.042992446571588516,ahn5,False,True
0503100000015294,horizontal,0.08772367238998413,ahn5,False,True
0503100000015295,horizontal,0.0658034011721611,ahn5,False,True
0503100000015296,horizontal,0.04075615108013153,ahn5,False,True
0503100000015297,horizontal,0.12624454498291016,ahn5,False,True
0503100000015298,horizontal,0.05301930010318756,ahn5,False,True
0503100000015299,slanted,0.12273013591766357,ahn5,False,True
0503100000015300,horizontal,0.08217218518257141,ahn5,False,True
0503100000015301,horizontal,0.03375599905848503,ahn5,False,True
0503100000015302,horizontal,0.029714135453104973,ahn5,False,True
0503100000015303,horizontal,0.03080114908516407,ahn5,False,True
0503100000015304,horizontal,0.08606494218111038,ahn5,False,True
0503100000015305,slanted,0.056496310979127884,ahn5,False,True
0503100000015306,horizontal,0.05389935523271561,ahn5,False,True
0503100000015307,horizontal,0.09180561453104019,ahn5,False,True
0503100000015308,horizontal,0.038303542882204056,ahn5,False,True
0503100000015309,horizontal,0.0242471806704998,ahn5,False,True
0503100000015310,horizontal,0.03217987343668938,ahn5,False,True
0503100000015311,horizontal,0.038927070796489716,ahn5,False,True
0503100000015312,horizontal,0.08291648328304291,ahn5,False,True
0503100000015313,horizontal,0.05229759216308594,ahn5,False,True
0503100000015314,horizontal,0.07817941904067993,ahn5,False,True
0503100000015315,slanted,0.055281903594732285,ahn5,False,True
0503100000015316,horizontal,0.08926627784967422,ahn5,False,True
0503100000015317,horizontal,0.05200783908367157,ahn5,False,True
0503100000015318,horizontal,0.05767485871911049,ahn5,False,True
0503100000015400,horizontal,0.03522616624832153,ahn5,False,True
0503100000015401,horizontal,0.022786937654018402,ahn5,False,True
0503100000015402,horizontal,0.08496423810720444,ahn5,False,True
0503100000015403,horizontal,0.056367140263319016,ahn5,False,True
0503100000015404,horizontal,0.08658423274755478,ahn5,False,True
0503100000015405,horizontal,0.08512022346258163,ahn5,False,True
0503100000015406,horizontal,0.08185647428035736,ahn5,False,True
0503100000015407,slanted,0.036330193281173706,ahn5,False,True
0503100000015408,horizontal,0.09214681386947632,ahn5,False,True
0503100000015409,horizontal,0.08193159848451614,ahn5,False,True
0503100000015410,horizontal,0.0859721451997757,ahn5,False,True
0503100000015411,slanted,0.06489340960979462,ahn5,False,True
0503100000015412,slanted,0.06325343996286392,ahn5,False,True
0503100000015413,horizontal,0.08668617904186249,ahn5,False,True
0503100000015414,horizontal,0.08489660918712616,ahn5,False,True
0503100000015415,horizontal,0.08816821873188019,ahn5,False,True
0503100000015416,slanted,0.056759949773550034,ahn5,False,True
0503100000015417,slanted,0.036036167293787,ahn5,False,True
0503100000015418,horizontal,0.08304209262132645,ahn5,False,True
0503100000015419,horizontal,0.03339947387576103,ahn5,False,True
0503100000015420,slanted,0.0950399860739708,ahn5,False,True
0503100000015421,horizontal,0.06964683532714844,ahn5,False,True
0503100000015422,horizontal,0.018179189413785934,ahn5,False,True
0503100000015423,horizontal,0.01361184474080801,ahn5,False,True
0503100000015424,horizontal,0.0900905504822731,ahn5,False,True
0503100000015425,horizontal,0.052914198487997055,ahn5,False,True
0503100000015426,slanted,0.029544152319431305,ahn5,False,True
0503100000015427,horizontal,0.018881071358919144,ahn5,False,True
0503100000015428,horizontal,0.06519443541765213,ahn5,False,True
0503100000015429,horizontal,0.02319527044892311,ahn5,False,True
0503100000015430,horizontal,0.03174678236246109,ahn5,False,True
0503100000015431,horizontal,0.4206245541572571,ahn5,False,True
0503100000015432,horizontal,0.08966738730669022,ahn5,False,True
0503100000018687,slanted,3.365088939666748,ahn5,False,True
0503100000018688,slanted,0.31264135241508484,ahn5,False,True
0503100000018689,horizontal,0.054703522473573685,ahn5,False,True
0503100000018690,slanted,0.15049251914024353,ahn5,False,True
0503100000018691,horizontal,0.08371834456920624,ahn5,False,True
0503100000018692,horizontal,0.0774918794631958,ahn5,False,True
0503100000018693,horizontal,0.47572067379951477,ahn5,False,True
0503100000018694,horizontal,0.03971683233976364,ahn5,False,True
0503100000018695,horizontal,0.039902664721012115,ahn5,False,True
0503100000018696,horizontal,0.10552923381328583,ahn5,False,True
0503100000018697,horizontal,0.027627144008874893,ahn5,False,True
0503100000018698,horizontal,0.03329617902636528,ahn5,False,True
0503100000018699,horizontal,0.03500308841466904,ahn5,False,True
0503100000018700,horizontal,0.045116569846868515,ahn5,False,True
0503100000018701,horizontal,0.2343522012233734,ahn5,False,True
0503100000018704,horizontal,0.03763708099722862,ahn5,False,True
0503100000018705,horizontal,0.03970108553767204,ahn5,False,True
0503100000018706,horizontal,0.07706259936094284,ahn5,False,True
0503100000018707,horizontal,0.04344077408313751,ahn5,False,True
0503100000018708,slanted,2.872420310974121,ahn5,False,True
0503100000018709,slanted,0.25744056701660156,ahn5,False,True
0503100000018710,horizontal,0.06604515016078949,ahn5,False,True
0503100000018711,horizontal,0.07815121114253998,ahn5,False,True
0503100000018712,horizontal,1.2016992568969727,ahn4,False,True
0503100000018783,horizontal,0.11166945099830627,ahn5,False,True
0503100000018784,multiple horizontal,2.4579856395721436,ahn5,False,True
0503100000018785,horizontal,0.08605159819126129,ahn5,False,True
0503100000018786,horizontal,0.05099421739578247,ahn5,False,True
0503100000018787,multiple horizontal,0.10685543715953827,ahn5,False,True
0503100000018788,horizontal,0.08109341561794281,ahn5,False,True
0503100000018789,horizontal,0.04069039598107338,ahn5,False,True
0503100000018790,horizontal,0.03845800459384918,ahn5,False,True
0503100000018791,horizontal,0.0837334468960762,ahn5,False,True
0503100000018792,horizontal,0.03460387885570526,ahn5,False,True
0503100000018793,horizontal,0.0429052971303463,ahn5,False,True
0503100000018794,horizontal,0.04407196491956711,ahn5,False,True
0503100000018795,horizontal,0.035344917327165604,ahn5,False,True
0503100000018796,horizontal,0.06978387385606766,ahn5,False,True
0503100000018797,horizontal,0.07287939637899399,ahn5,False,True
0503100000018798,horizontal,0.036059048026800156,ahn5,False,True
0503100000018799,horizontal,0.03523744270205498,ahn5,False,True
0503100000018800,horizontal,0.0363021083176136,ahn5,False,True
0503100000018801,horizontal,0.03556549549102783,ahn5,False,True
0503100000018802,horizontal,0.07291057705879211,ahn5,False,True
0503100000018803,horizontal,0.09691593050956726,ahn5,False,True
0503100000018804,horizontal,0.04867195338010788,ahn5,False,True
0503100000018805,horizontal,0.08090194314718246,ahn5,False,True
0503100000018806,horizontal,0.04095863923430443,ahn5,False,True
0503100000018807,horizontal,0.04238614812493324,ahn5,False,True
0503100000018808,horizontal,0.037473153322935104,ahn5,False,True
0503100000018809,horizontal,0.04314374178647995,ahn5,False,True
0503100000018810,horizontal,0.04481351003050804,ahn5,False,True
0503100000018811,horizontal,0.0405154787003994,ahn5,False,True
0503100000018812,horizontal,0.035061899572610855,ahn5,False,True
0503100000018813,horizontal,0.043581657111644745,ahn5,False,True
0503100000018814,horizontal,0.03311731666326523,ahn5,False,True
0503100000018815,horizontal,0.03788134828209877,ahn5,False,True
0503100000018871,slanted,0.452971488237381,ahn5,False,False
0503100000018872,slanted,0.46276620030403137,ahn5,False,True
0503100000018875,slanted,0.7807300090789795,ahn5,False,True
0503100000018877,horizontal,0.06963742524385452,ahn5,False,True
0503100000018878,slanted,1.0247026681900024,ahn5,False,True
0503100000018879,horizontal,0.038388315588235855,ahn5,False,True
0503100000018880,horizontal,0.03716350346803665,ahn5,False,True
0503100000018881,horizontal,0.03562838211655617,ahn5,False,True
0503100000018882,horizontal,0.03990323841571808,ahn5,False,True
0503100000018883,horizontal,0.035702791064977646,ahn5,False,True
0503100000018884,horizontal,0.03658056631684303,ahn5,False,True
0503100000018885,horizontal,0.03140688315033913,ahn5,False,True
0503100000018886,horizontal,0.027522360906004906,ahn5,False,True
0503100000018887,horizontal,0.02239386923611164,ahn5,False,True
0503100000018888,horizontal,0.035328615456819534,ahn5,False,True
0503100000018889,horizontal,0.03749909624457359,ahn5,False,True
0503100000018890,horizontal,0.025374755263328552,ahn5,False,True
0503100000018891,horizontal,0.028717463836073875,ahn5,False,True
0503100000018892,horizontal,0.03810152783989906,ahn5,False,True
0503100000018893,horizontal,0.03592944145202637,ahn5,False,True
0503100000018894,horizontal,0.08421280235052109,ahn5,False,True
0503100000018895,horizontal,0.038209084421396255,ahn5,False,True
0503100000018896,horizontal,0.03876963630318642,ahn5,False,True
0503100000018897,horizontal,0.039849210530519485,ahn5,False,True
0503100000018898,horizontal,0.019843649119138718,ahn5,False,True
0503100000018899,slanted,0.05885792896151543,ahn5,False,True
0503100000018900,horizontal,0.03550765663385391,ahn5,False,True
0503100000018901,horizontal,0.037473902106285095,ahn5,False,True
0503100000018902,horizontal,0.03284483402967453,ahn5,False,True
0503100000018903,horizontal,0.030749574303627014,ahn5,False,True
0503100000018904,horizontal,0.14646059274673462,ahn5,False,True
0503100000018905,multiple horizontal,0.059995539486408234,ahn5,False,True
0503100000018906,slanted,0.13368310034275055,ahn5,False,True
0503100000018907,horizontal,0.0324367955327034,ahn5,False,True
0503100000018908,horizontal,0.026526454836130142,ahn5,False,True
0503100000018909,horizontal,0.02782440558075905,ahn5,False,True
0503100000018910,horizontal,0.025693368166685104,ahn5,False,True
0503100000018911,horizontal,0.025658244267106056,ahn5,False,True
0503100000018912,horizontal,0.03280775621533394,ahn5,False,True
0503100000018964,multiple horizontal,0.06548818200826645,ahn5,False,True
0503100000018965,slanted,0.25359848141670227,ahn5,False,True
0503100000018977,slanted,0.05307420715689659,ahn5,False,True
0503100000018978,slanted,0.24482257664203644,ahn5,False,True
0503100000018979,horizontal,0.2009253352880478,ahn5,False,True
0503100000018980,horizontal,0.07916880398988724,ahn5,False,True
0503100000018981,horizontal,0.04190107434988022,ahn5,False,True
0503100000018982,horizontal,0.036487746983766556,ahn5,False,True
0503100000018983,horizontal,0.057095080614089966,ahn5,False,True
0503100000018984,horizontal,0.03516560420393944,ahn5,False,True
0503100000018985,horizontal,0.046523794531822205,ahn5,False,True
0503100000018986,horizontal,0.03754205256700516,ahn5,False,True
0503100000018987,horizontal,0.03589615970849991,ahn5,False,True
0503100000018988,horizontal,0.036599621176719666,ahn5,False,True
0503100000018989,horizontal,0.0398000031709671,ahn5,False,True
0503100000018990,horizontal,0.03988663852214813,ahn5,False,True
0503100000018991,horizontal,0.027385341003537178,ahn5,False,True
0503100000018992,horizontal,0.027882862836122513,ahn5,False,True
0503100000018993,horizontal,0.022649360820651054,ahn5,False,True
0503100000018994,slanted,0.5190889835357666,ahn4,False,True
0503100000018995,horizontal,0.016068117693066597,ahn5,False,True
0503100000018996,horizontal,0.03787445276975632,ahn5,False,True
0503100000018997,horizontal,0.01808176375925541,ahn5,False,True
0503100000018998,horizontal,0.026233507320284843,ahn5,False,True
0503100000018999,horizontal,0.030230723321437836,ahn5,False,True
0503100000019001,horizontal,0.04011628404259682,ahn5,False,True
0503100000019096,horizontal,0.04393235221505165,ahn5,False,True
0503100000019097,horizontal,0.02866354212164879,ahn5,False,True
0503100000019098,horizontal,0.21497075259685516,ahn5,False,True
0503100000019099,horizontal,0.12474525719881058,ahn5,False,True
0503100000019100,horizontal,0.30334267020225525,ahn5,False,True
0503100000019101,horizontal,0.040347758680582047,ahn5,False,True
0503100000019102,horizontal,0.03871409222483635,ahn5,False,True
0503100000019103,horizontal,0.0346086360514164,ahn5,False,True
0503100000019104,horizontal,0.2823876142501831,ahn5,False,True
0503100000019105,horizontal,0.034132372587919235,ahn5,False,True
0503100000019106,horizontal,0.03634552285075188,ahn5,False,True
0503100000019107,horizontal,0.04535127431154251,ahn5,False,True
0503100000019108,horizontal,0.19437184929847717,ahn5,False,True
0503100000019109,horizontal,0.03513594716787338,ahn5,False,True
0503100000019110,horizontal,0.03678194805979729,ahn5,False,True
0503100000019111,horizontal,0.03757692873477936,ahn5,False,True
0503100000019112,horizontal,0.036736611276865005,ahn5,False,True
0503100000019113,horizontal,0.04270082339644432,ahn5,False,True
0503100000019114,horizontal,0.03719308227300644,ahn5,False,True
0503100000019115,horizontal,0.04142042621970177,ahn5,False,True
0503100000019116,horizontal,0.034395620226860046,ahn5,False,True
0503100000019117,horizontal,0.036966610699892044,ahn5,False,True
0503100000019194,horizontal,0.033683113753795624,ahn5,False,True
0503100000019195,horizontal,0.050083182752132416,ahn5,False,True
0503100000019196,horizontal,0.03623457998037338,ahn5,False,True
0503100000019197,horizontal,0.03976695239543915,ahn5,False,True
0503100000019198,horizontal,0.03311077877879143,ahn5,False,True
0503100000019199,horizontal,0.03593382611870766,ahn5,False,True
0503100000019200,horizontal,0.027554156258702278,ahn5,False,True
0503100000019201,horizontal,0.021842485293745995,ahn5,False,True
0503100000019202,horizontal,0.03036525472998619,ahn5,False,True
0503100000019203,horizontal,0.01985078491270542,ahn5,False,True
0503100000019204,horizontal,0.019049491733312607,ahn5,False,True
0503100000019205,horizontal,0.033291321247816086,ahn5,False,True
0503100000019206,horizontal,0.022003374993801117,ahn5,False,True
0503100000019207,horizontal,0.03337015211582184,ahn5,False,True
0503100000019208,horizontal,0.03243353217840195,ahn5,False,True
0503100000019209,horizontal,0.02862502448260784,ahn5,False,True
0503100000019210,horizontal,0.01962227374315262,ahn5,False,True
0503100000019211,horizontal,0.035788509994745255,ahn5,False,True
0503100000019212,horizontal,0.03984248638153076,ahn5,False,True
0503100000019213,horizontal,0.019748710095882416,ahn5,False,True
0503100000019214,horizontal,0.01968790404498577,ahn5,False,True
0503100000019215,horizontal,0.026040920987725258,ahn5,False,True
0503100000019216,horizontal,0.027646273374557495,ahn5,False,True
0503100000019217,horizontal,0.0186370350420475,ahn5,False,True
0503100000019218,horizontal,0.02020791918039322,ahn5,False,True
0503100000019219,horizontal,0.014751731418073177,ahn5,False,True
0503100000019220,horizontal,0.012562629766762257,ahn5,False,True
0503100000019221,horizontal,0.016778716817498207,ahn5,False,True
0503100000019222,horizontal,0.034232061356306076,ahn5,False,True
0503100000019223,horizontal,0.11637692153453827,ahn5,False,True
0503100000019224,horizontal,0.15358558297157288,ahn5,False,True
0503100000019225,horizontal,0.164142906665802,ahn5,False,True
0503100000019226,horizontal,0.11923675984144211,ahn5,False,True
0503100000019227,horizontal,0.01909366436302662,ahn5,False,True
0503100000019292,slanted,1.0169938802719116,ahn5,False,True
0503100000019293,slanted,0.07904201745986938,ahn5,False,True
0503100000019294,slanted,0.060884229838848114,ahn5,False,True
0503100000019295,slanted,0.10124591737985611,ahn5,False,True
0503100000019296,slanted,0.298108845949173,ahn5,False,True
0503100000019297,horizontal,0.02346290461719036,ahn5,False,True
0503100000019298,horizontal,0.02382502518594265,ahn5,False,True
0503100000019299,horizontal,0.024593934416770935,ahn5,False,True
0503100000019300,horizontal,0.0245558749884367,ahn5,False,True
0503100000019301,horizontal,0.030761515721678734,ahn5,False,True
0503100000019302,horizontal,0.03149589151144028,ahn5,False,True
0503100000019303,horizontal,0.025206323713064194,ahn5,False,True
0503100000019304,horizontal,0.02220420353114605,ahn5,False,True
0503100000019305,horizontal,0.028282389044761658,ahn5,False,True
0503100000019306,horizontal,0.033976320177316666,ahn5,False,True
0503100000019307,horizontal,0.16850091516971588,ahn4,False,True
0503100000019308,horizontal,0.02765871025621891,ahn5,False,True
0503100000019309,horizontal,0.0476866289973259,ahn5,False,True
0503100000019310,horizontal,0.03785514831542969,ahn5,False,True
0503100000019311,horizontal,0.02357649803161621,ahn5,False,True
0503100000019312,horizontal,0.019288139417767525,ahn5,False,True
0503100000019313,horizontal,0.024573834612965584,ahn5,False,True
0503100000019314,horizontal,0.19316646456718445,ahn5,False,True
0503100000019315,horizontal,0.032294560223817825,ahn5,False,True
0503100000019316,horizontal,0.01659560762345791,ahn5,False,True
0503100000019317,horizontal,0.023505693301558495,ahn5,False,True
0503100000019318,horizontal,0.021357985213398933,ahn5,False,True
0503100000019319,horizontal,0.034170299768447876,ahn5,False,True
0503100000019320,horizontal,0.025791918858885765,ahn5,False,True
0503100000019321,horizontal,0.030820859596133232,ahn5,False,True
0503100000019367,slanted,0.4394659698009491,ahn5,False,True
0503100000019368,slanted,0.3179141879081726,ahn5,False,True
0503100000019369,slanted,2.446406841278076,ahn5,False,True
0503100000019370,slanted,2.5190775394439697,ahn5,False,True
0503100000019371,slanted,1.272230863571167,ahn5,False,True
0503100000019372,slanted,0.2857785224914551,ahn5,False,True
0503100000019373,slanted,0.27629342675209045,ahn5,False,True
0503100000019374,slanted,0.28488215804100037,ahn5,False,True
0503100000019375,slanted,0.05939910560846329,ahn5,False,True
0503100000019376,multiple horizontal,0.0494999960064888,ahn5,False,True
0503100000019377,slanted,0.3422883450984955,ahn5,False,True
0503100000019378,slanted,2.4055306911468506,ahn5,False,True
0503100000019379,multiple horizontal,1.9475500583648682,ahn5,False,True
0503100000019380,slanted,2.4653005599975586,ahn5,False,True
0503100000019427,horizontal,0.02488071471452713,ahn5,False,True
0503100000019428,horizontal,0.014684535562992096,ahn5,False,True
0503100000019429,horizontal,0.023308640345931053,ahn5,False,True
0503100000019430,horizontal,0.022115087136626244,ahn5,False,True
0503100000019431,multiple horizontal,0.02276109717786312,ahn5,False,True
0503100000019432,horizontal,0.021652769297361374,ahn5,False,True
0503100000019433,horizontal,0.08736256510019302,ahn5,False,True
0503100000019434,horizontal,0.018473496660590172,ahn5,False,True
0503100000019435,horizontal,0.06906793266534805,ahn5,False,True
0503100000019436,horizontal,0.024755029007792473,ahn5,False,True
0503100000019437,horizontal,0.02342420257627964,ahn5,False,True
0503100000019438,horizontal,0.07143758237361908,ahn5,False,True
0503100000019439,horizontal,0.026907673105597496,ahn5,False,True
0503100000019440,horizontal,0.02026638574898243,ahn5,False,True
0503100000019441,horizontal,0.018469655886292458,ahn5,False,True
0503100000019442,horizontal,0.015983738005161285,ahn5,False,True
0503100000019443,horizontal,0.01984477788209915,ahn5,False,True
0503100000019444,horizontal,0.06436724960803986,ahn5,False,True
0503100000019513,horizontal,0.04635355994105339,ahn5,False,True
0503100000019514,horizontal,0.02135692909359932,ahn5,False,True
0503100000019515,horizontal,0.02512035146355629,ahn5,False,True
0503100000019516,horizontal,0.08160439133644104,ahn5,False,True
0503100000019517,horizontal,0.08252591639757156,ahn5,False,True
0503100000019518,horizontal,0.020743083208799362,ahn5,False,True
0503100000019519,horizontal,0.062448468059301376,ahn5,False,True
0503100000019520,horizontal,0.022434471175074577,ahn5,False,True
0503100000019521,horizontal,0.02422182634472847,ahn5,False,True
0503100000019522,horizontal,0.026586106047034264,ahn5,False,True
0503100000019523,horizontal,0.028658859431743622,ahn5,False,True
0503100000019524,horizontal,0.020949676632881165,ahn5,False,True
0503100000019525,horizontal,0.015519787557423115,ahn5,False,True
0503100000019526,horizontal,0.026524942368268967,ahn5,False,True
0503100000019527,horizontal,0.023463374003767967,ahn5,False,True
0503100000019528,horizontal,0.015014688484370708,ahn5,False,True
0503100000019529,horizontal,0.01475830189883709,ahn5,False,True
0503100000019530,horizontal,0.014880950562655926,ahn5,False,True
0503100000019531,slanted,0.024988438934087753,ahn5,False,True
0503100000019532,horizontal,0.02048679068684578,ahn5,False,True
0503100000019533,horizontal,0.010379725135862827,ahn5,False,True
0503100000019534,horizontal,0.05708208680152893,ahn5,False,True
0503100000019535,horizontal,0.020201921463012695,ahn5,False,True
0503100000019536,horizontal,0.018513094633817673,ahn5,False,True
0503100000019537,horizontal,0.019178908318281174,ahn5,False,True
0503100000019538,horizontal,0.019259218126535416,ahn5,False,True
0503100000019539,horizontal,0.02125270664691925,ahn5,False,True
0503100000019540,horizontal,0.01360612828284502,ahn5,False,True
0503100000019541,horizontal,0.014251835644245148,ahn5,False,True
0503100000019542,horizontal,0.02162400260567665,ahn5,False,True
0503100000019543,horizontal,0.026876579970121384,ahn5,False,True
0503100000019544,horizontal,0.01847897283732891,ahn5,False,True
0503100000019545,horizontal,0.017443303018808365,ahn5,False,True
0503100000019546,horizontal,0.0241281408816576,ahn5,False,True
0503100000019617,horizontal,0.03294504061341286,ahn5,False,True
0503100000019618,horizontal,0.016122281551361084,ahn5,False,True
0503100000019619,horizontal,0.022968344390392303,ahn5,False,True
0503100000019620,horizontal,0.07335573434829712,ahn5,False,True
0503100000019621,horizontal,0.02237171307206154,ahn5,False,True
0503100000019622,horizontal,0.02229524962604046,ahn5,False,True
0503100000019623,horizontal,0.029145460575819016,ahn5,False,True
0503100000019624,horizontal,0.02047290839254856,ahn5,False,True
0503100000019625,horizontal,0.02435646764934063,ahn5,False,True
0503100000019626,horizontal,0.018939072266221046,ahn5,False,True
0503100000019627,horizontal,0.01916961371898651,ahn5,False,True
0503100000019628,horizontal,0.017856955528259277,ahn5,False,True
0503100000019629,horizontal,0.021783903241157532,ahn5,False,True
0503100000019630,horizontal,0.01844128966331482,ahn5,False,True
0503100000019631,horizontal,0.017644762992858887,ahn5,False,True
0503100000019632,horizontal,0.019153272733092308,ahn5,False,True
0503100000019633,horizontal,0.016659114509820938,ahn5,False,True
0503100000019634,horizontal,0.015653405338525772,ahn5,False,True
0503100000019635,horizontal,0.026650888845324516,ahn5,False,True
0503100000019636,horizontal,0.015077968128025532,ahn5,False,True
0503100000019637,horizontal,0.022583013400435448,ahn5,False,True
0503100000019638,horizontal,0.016865042969584465,ahn5,False,True
0503100000019639,horizontal,0.018459375947713852,ahn5,False,True
0503100000019640,horizontal,0.01627952978014946,ahn5,False,True
0503100000019641,horizontal,0.03896072506904602,ahn5,False,True
0503100000019642,horizontal,0.021143130958080292,ahn5,False,True
0503100000019643,horizontal,0.021774563938379288,ahn5,False,True
0503100000019644,horizontal,0.016010412946343422,ahn5,False,True
0503100000019645,horizontal,0.018076971173286438,ahn5,False,True
0503100000019684,slanted,1.9641549587249756,ahn5,False,True
0503100000019685,slanted,1.761947751045227,ahn5,False,True
0503100000019686,multiple horizontal,0.6096669435501099,ahn5,False,True
0503100000019751,slanted,0.5439780354499817,ahn5,False,True
0503100000019752,slanted,1.976121187210083,ahn5,False,True
0503100000019753,slanted,1.994110345840454,ahn5,False,True
0503100000019754,slanted,1.8113057613372803,ahn5,False,True
0503100000019755,slanted,0.06490588188171387,ahn5,False,True
0503100000019756,multiple horizontal,0.05962701141834259,ahn5,False,True
0503100000019757,slanted,0.06211163476109505,ahn5,False,True
0503100000019758,multiple horizontal,0.8633070588111877,ahn5,False,True
0503100000019759,slanted,2.4144067764282227,ahn5,False,True
0503100000019760,slanted,2.4203968048095703,ahn5,False,True
0503100000019761,multiple horizontal,0.06293204426765442,ahn5,False,True
0503100000019762,multiple horizontal,0.079331174492836,ahn5,False,True
0503100000019763,slanted,0.06790311634540558,ahn5,False,True
0503100000019764,multiple horizontal,0.054547734558582306,ahn5,False,True
0503100000019765,slanted,0.09402741491794586,ahn5,False,True
0503100000019766,multiple horizontal,0.053288381546735764,ahn5,False,True
0503100000019767,multiple horizontal,0.6106950044631958,ahn5,False,True
0503100000019768,multiple horizontal,0.7826035618782043,ahn5,False,True
0503100000019769,multiple horizontal,0.6067235469818115,ahn5,False,True
0503100000019770,multiple horizontal,0.5008828639984131,ahn5,False,True
0503100000019771,multiple horizontal,0.539569616317749,ahn5,False,True
0503100000019839,slanted,2.4233667850494385,ahn5,False,True
0503100000019840,slanted,0.37784165143966675,ahn5,False,True
0503100000019841,slanted,2.282214403152466,ahn5,False,True
0503100000019842,slanted,0.35040414333343506,ahn5,False,False
0503100000019843,horizontal,0.09960239380598068,ahn5,False,True
0503100000019844,slanted,0.1678002029657364,ahn5,False,True
0503100000019845,slanted,1.0112391710281372,ahn5,False,True
0503100000019846,slanted,0.3538013994693756,ahn5,False,True
0503100000019847,multiple horizontal,0.3510376811027527,ahn5,False,True
0503100000019848,slanted,2.7643074989318848,ahn5,False,True
0503100000019849,slanted,2.898568868637085,ahn5,False,True
0503100000019850,slanted,2.2410876750946045,ahn5,False,True
0503100000019852,slanted,0.2081027626991272,ahn5,False,True
0503100000019853,slanted,0.5295432806015015,ahn5,False,True
0503100000019854,slanted,0.2054358720779419,ahn5,False,True
0503100000019855,horizontal,0.06798896938562393,ahn5,False,True
0503100000019856,multiple horizontal,0.59843510389328,ahn5,False,True
0503100000019857,slanted,0.40562134981155396,ahn5,False,True
0503100000019926,slanted,0.04460862651467323,ahn5,False,True
0503100000019937,slanted,4.445437908172607,ahn5,False,True
0503100000019938,slanted,0.13376756012439728,ahn5,False,True
0503100000019939,slanted,0.06859373301267624,ahn5,False,True
0503100000019940,horizontal,0.05573389306664467,ahn5,False,True
0503100000019941,horizontal,0.05801786482334137,ahn5,False,True
0503100000019942,slanted,0.05237506702542305,ahn5,False,True
0503100000019943,horizontal,0.05864359065890312,ahn5,False,True
0503100000019944,horizontal,0.04716211557388306,ahn5,False,True
0503100000019945,horizontal,0.059250880032777786,ahn5,False,True
0503100000019946,horizontal,0.05384080111980438,ahn5,False,True
0503100000019947,horizontal,0.05199535936117172,ahn5,False,True
0503100000019948,horizontal,0.0250400397926569,ahn5,False,True
0503100000019949,horizontal,0.02193220891058445,ahn5,False,True
0503100000019950,slanted,0.06994136422872543,ahn5,False,True
0503100000019951,slanted,0.08793807029724121,ahn5,False,True
0503100000019952,horizontal,0.0693274512887001,ahn5,False,True
0503100000019953,horizontal,0.06891774386167526,ahn5,False,True
0503100000020024,horizontal,0.07776972651481628,ahn5,False,True
0503100000020025,horizontal,0.045305173844099045,ahn5,False,True
0503100000020026,horizontal,0.04002963379025459,ahn5,False,True
0503100000020027,slanted,0.06072648614645004,ahn5,False,True
0503100000020028,slanted,0.06633377075195312,ahn5,False,True
0503100000020029,horizontal,0.02789854072034359,ahn5,False,True
0503100000020030,horizontal,0.05874478071928024,ahn5,False,True
0503100000020031,horizontal,0.032203808426856995,ahn5,False,True
0503100000020032,multiple horizontal,0.07062176614999771,ahn5,False,True
0503100000020033,slanted,0.076744943857193,ahn5,False,True
0503100000020034,horizontal,0.06755932420492172,ahn5,False,True
0503100000020035,slanted,0.06758186221122742,ahn5,False,True
0503100000020036,slanted,0.05971650406718254,ahn5,False,True
0503100000020037,horizontal,0.06075466051697731,ahn5,False,True
0503100000020038,slanted,0.06959845125675201,ahn5,False,True
0503100000020039,slanted,0.12626725435256958,ahn5,False,True
0503100000020040,slanted,0.06964677572250366,ahn5,False,True
0503100000020041,horizontal,0.0674198567867279,ahn5,False,True
0503100000020042,slanted,0.07387111335992813,ahn5,False,True
0503100000020043,slanted,0.0638292208313942,ahn5,False,True
0503100000020044,slanted,0.06510339677333832,ahn5,False,True
0503100000020045,horizontal,0.03811396285891533,ahn5,False,True
0503100000020046,horizontal,0.42736732959747314,ahn5,False,True
0503100000020047,slanted,0.08439875394105911,ahn5,False,True
0503100000020048,horizontal,0.056446269154548645,ahn5,False,True
0503100000020049,horizontal,0.2313634157180786,ahn5,False,True
0503100000020050,horizontal,0.05199858918786049,ahn5,False,True
0503100000020051,horizontal,0.05008584260940552,ahn5,False,True
0503100000020052,horizontal,0.05555195361375809,ahn5,False,True
0503100000020053,horizontal,0.052609167993068695,ahn5,False,True
0503100000020054,horizontal,0.06497664004564285,ahn5,False,True
0503100000020055,horizontal,0.05489329993724823,ahn5,False,True
0503100000020056,horizontal,0.04815993458032608,ahn5,False,True
0503100000020129,slanted,0.14256148040294647,ahn5,False,True
0503100000020130,slanted,0.16086535155773163,ahn5,False,True
0503100000020131,horizontal,0.043858788907527924,ahn5,False,True
0503100000020132,horizontal,0.05404233559966087,ahn5,False,True
0503100000020133,horizontal,0.05577743425965309,ahn5,False,True
0503100000020134,horizontal,0.026107698678970337,ahn5,False,True
0503100000020135,horizontal,0.018980303779244423,ahn5,False,True
0503100000020136,horizontal,0.021617725491523743,ahn5,False,True
0503100000020137,horizontal,0.020232703536748886,ahn5,False,True
0503100000020138,horizontal,0.020731812343001366,ahn5,False,True
0503100000020139,horizontal,0.02525271475315094,ahn5,False,True
0503100000020140,horizontal,0.01944206841289997,ahn5,False,True
0503100000020141,horizontal,0.023825444281101227,ahn5,False,True
0503100000020142,horizontal,0.02425929345190525,ahn5,False,True
0503100000020143,horizontal,0.022808996960520744,ahn5,False,True
0503100000020144,horizontal,0.019775250926613808,ahn5,False,True
0503100000020145,horizontal,0.05174998193979263,ahn5,False,True
0503100000020146,horizontal,0.054388627409935,ahn5,False,True
0503100000020147,horizontal,0.04845738038420677,ahn5,False,True
0503100000020148,horizontal,0.05698932707309723,ahn5,False,True
0503100000020149,horizontal,0.05847020074725151,ahn5,False,True
0503100000020150,horizontal,0.02350175753235817,ahn5,False,True
0503100000020151,horizontal,0.02283089980483055,ahn5,False,True
0503100000020152,horizontal,0.021692482754588127,ahn5,False,True
0503100000020153,horizontal,0.024003589525818825,ahn5,False,True
0503100000020154,horizontal,0.019644983112812042,ahn5,False,True
0503100000020155,horizontal,0.023298265412449837,ahn5,False,True
0503100000020156,horizontal,0.022290373221039772,ahn5,False,True
0503100000020157,horizontal,0.0555904321372509,ahn5,False,True
0503100000020158,horizontal,0.04838297516107559,ahn5,False,True
0503100000020159,horizontal,0.05418365076184273,ahn5,False,True
0503100000020160,horizontal,0.02410740591585636,ahn5,False,True
0503100000020161,horizontal,0.02447424829006195,ahn5,False,True
0503100000020162,horizontal,0.019509529694914818,ahn5,False,True
0503100000020163,horizontal,0.02473798766732216,ahn5,False,True
0503100000020164,horizontal,0.025479702278971672,ahn5,False,True
0503100000020165,slanted,0.06674163788557053,ahn5,False,True
0503100000023042,horizontal,0.030927499756217003,ahn5,False,True
0503100000023043,horizontal,0.15348683297634125,ahn5,False,True
0503100000023044,horizontal,0.027551861479878426,ahn5,False,True
0503100000023045,horizontal,0.01752944104373455,ahn5,False,True
0503100000023046,horizontal,0.015833770856261253,ahn5,False,True
0503100000023047,horizontal,0.01763318106532097,ahn5,False,True
0503100000023048,horizontal,0.016660984605550766,ahn5,False,True
0503100000023049,horizontal,0.02666121907532215,ahn5,False,True
0503100000023050,horizontal,0.021813655272126198,ahn5,False,True
0503100000023051,horizontal,0.03038754314184189,ahn5,False,True
0503100000023052,horizontal,0.050288934260606766,ahn5,False,True
0503100000023053,slanted,2.1445322036743164,ahn5,False,True
0503100000023054,horizontal,0.04308086633682251,ahn5,False,True
0503100000023157,horizontal,0.022910939529538155,ahn5,False,True
0503100000023386,multiple horizontal,0.042746011167764664,ahn5,False,True
0503100000023387,horizontal,0.01623164489865303,ahn5,False,True
0503100000023388,horizontal,0.00945358257740736,ahn5,False,True
0503100000023389,horizontal,0.009296117350459099,ahn5,False,True
0503100000023390,horizontal,0.010659662075340748,ahn5,False,True
0503100000023391,horizontal,0.011548937298357487,ahn5,False,True
0503100000023392,horizontal,0.010743333958089352,ahn5,False,True
0503100000023393,horizontal,0.010806015692651272,ahn5,False,True
0503100000023394,horizontal,0.009118218906223774,ahn5,False,True
0503100000023398,slanted,0.2048395723104477,ahn5,False,False
0503100000023407,multiple horizontal,0.04974380135536194,ahn5,False,True
0503100000023496,horizontal,0.06708043068647385,ahn5,False,True
0503100000023497,horizontal,0.05546649545431137,ahn5,False,True
0503100000023500,slanted,0.1446489691734314,ahn5,False,True
0503100000023503,horizontal,0.012066174298524857,ahn5,False,True
0503100000023504,horizontal,0.011342588812112808,ahn5,False,True
0503100000023505,horizontal,0.010593230836093426,ahn5,False,True
0503100000023506,horizontal,0.010649222880601883,ahn5,False,True
0503100000023507,horizontal,0.0124119957908988,ahn5,False,True
0503100000023508,horizontal,0.010088523849844933,ahn5,False,True
0503100000023509,horizontal,0.009957605041563511,ahn5,False,True
0503100000023510,horizontal,0.01233571209013462,ahn5,False,True
0503100000023511,horizontal,0.01340863760560751,ahn5,False,True
0503100000023512,horizontal,0.011148718185722828,ahn5,False,True
0503100000023513,horizontal,0.014919414184987545,ahn5,False,True
0503100000023514,horizontal,0.010251762345433235,ahn5,False,True
0503100000023515,horizontal,0.011195885948836803,ahn5,False,True
0503100000023516,horizontal,0.00988263264298439,ahn5,False,True
0503100000023517,horizontal,0.010452338494360447,ahn5,False,True
0503100000023518,horizontal,0.009237973019480705,ahn5,False,True
0503100000023519,horizontal,0.009224163368344307,ahn5,False,True
0503100000023520,horizontal,0.01169933658093214,ahn5,False,True
0503100000023521,horizontal,0.009382355026900768,ahn5,False,True
0503100000023522,horizontal,0.01108713448047638,ahn5,False,True
0503100000023523,horizontal,0.008367187343537807,ahn5,False,True
0503100000023605,horizontal,0.013980892486870289,ahn5,False,True
0503100000023606,horizontal,0.00903630442917347,ahn5,False,True
0503100000023607,horizontal,0.010663516819477081,ahn5,False,True
0503100000023608,horizontal,0.00949771050363779,ahn5,False,True
0503100000023609,horizontal,0.011863159947097301,ahn5,False,True
0503100000023610,horizontal,0.009950550273060799,ahn5,False,True
0503100000023611,horizontal,0.009486213326454163,ahn5,False,True
0503100000023612,horizontal,0.022037554532289505,ahn5,False,True
0503100000023613,horizontal,0.008013405837118626,ahn5,False,True
0503100000023614,horizontal,0.018802043050527573,ahn5,False,True
0503100000023615,horizontal,0.009642539545893669,ahn5,False,True
0503100000023616,horizontal,0.009381522424519062,ahn5,False,True
0503100000023617,horizontal,0.0116985272616148,ahn5,False,True
0503100000023618,horizontal,0.00825551152229309,ahn5,False,True
0503100000023619,horizontal,0.0075560384429991245,ahn5,False,True
0503100000023620,horizontal,0.0075058406218886375,ahn5,False,True
0503100000023621,horizontal,0.011067512445151806,ahn5,False,True
0503100000023622,horizontal,0.011163299903273582,ahn5,False,True
0503100000023623,horizontal,0.00929063931107521,ahn5,False,True
0503100000023624,horizontal,0.010250947438180447,ahn5,False,True
0503100000023625,horizontal,0.010930434800684452,ahn5,False,True
0503100000023626,horizontal,0.011540842242538929,ahn5,False,True
0503100000023627,horizontal,0.009174611419439316,ahn5,False,True
0503100000025343,slanted,0.0944531187415123,ahn5,False,True
0503100000025368,slanted,0.6796581149101257,ahn5,False,True
0503100000025532,slanted,0.45004957914352417,ahn5,False,True
0503100000025533,slanted,0.5058700442314148,ahn5,False,False
0503100000025534,slanted,0.26401203870773315,ahn5,False,True
0503100000025535,slanted,0.625427782535553,ahn5,False,True
0503100000025536,slanted,0.6057520508766174,ahn5,False,False
0503100000025584,slanted,2.0538434982299805,ahn5,False,True
0503100000025721,horizontal,0.020507214590907097,ahn5,False,True
0503100000026163,multiple horizontal,0.02539857290685177,ahn5,False,True
0503100000026755,horizontal,0.4943254888057709,ahn5,False,True
0503100000026756,slanted,0.9187996983528137,ahn5,False,True
0503100000026757,slanted,0.26575812697410583,ahn5,True,True
0503100000026758,horizontal,0.5042884945869446,ahn5,False,True
0503100000026759,slanted,0.492755651473999,ahn5,False,True
0503100000026760,horizontal,0.3501558303833008,ahn5,False,True
0503100000026761,horizontal,0.11198073625564575,ahn5,False,True
0503100000026762,slanted,0.33246976137161255,ahn5,False,True
0503100000026763,multiple horizontal,1.004770278930664,ahn5,False,True
0503100000026764,multiple horizontal,0.9042828679084778,ahn5,False,True
0503100000026765,slanted,0.11354077607393265,ahn5,False,False
0503100000026766,slanted,0.4710649847984314,ahn5,False,True
0503100000026767,slanted,1.136792540550232,ahn5,False,True
0503100000026768,horizontal,0.5190311670303345,ahn5,False,True
0503100000026769,horizontal,0.8857923746109009,ahn5,False,True
0503100000026770,slanted,0.07311959564685822,ahn5,False,True
0503100000026771,slanted,0.7390082478523254,ahn5,False,True
0503100000026772,slanted,0.6873253583908081,ahn5,False,True
0503100000026773,slanted,1.0566415786743164,ahn5,False,True
0503100000026774,slanted,0.35064199566841125,ahn5,False,True
0503100000026775,slanted,0.2842229902744293,ahn5,False,True
0503100000026776,slanted,0.2100895643234253,ahn5,False,True
0503100000026777,slanted,0.7022102475166321,ahn5,False,True
0503100000026848,slanted,0.7411850690841675,ahn5,False,True
0503100000026849,slanted,0.9937901496887207,ahn5,False,True
0503100000026850,slanted,0.038339242339134216,ahn5,False,True
0503100000026851,slanted,0.308351069688797,ahn5,False,True
0503100000026852,multiple horizontal,0.19560915231704712,ahn5,False,True
0503100000026853,slanted,0.12990199029445648,ahn5,False,True
0503100000026854,slanted,0.3178233504295349,ahn5,False,True
0503100000026855,slanted,1.0519200563430786,ahn3,False,True
0503100000026856,slanted,0.22550725936889648,ahn5,False,True
0503100000026857,slanted,1.0254631042480469,ahn5,False,True
0503100000026858,slanted,0.3225269615650177,ahn5,False,True
0503100000026859,slanted,0.3758363127708435,ahn5,False,True
0503100000026860,slanted,0.6446996331214905,ahn5,False,True
0503100000026861,horizontal,0.6896035075187683,ahn5,False,True
0503100000026862,slanted,0.7940465807914734,ahn5,False,True
0503100000026863,slanted,0.8600910305976868,ahn5,False,True
0503100000026864,slanted,0.9281809329986572,ahn5,False,True
0503100000026865,horizontal,0.48033079504966736,ahn5,False,True
0503100000026866,slanted,0.21927005052566528,ahn5,False,True
0503100000026867,slanted,0.12709736824035645,ahn5,False,True
0503100000026868,slanted,0.13497431576251984,ahn5,False,True
0503100000026869,slanted,0.2959725260734558,ahn5,False,True
0503100000026870,slanted,0.8628422617912292,ahn5,False,True
0503100000026871,slanted,0.9424666166305542,ahn5,False,True
0503100000026872,slanted,1.0345066785812378,ahn5,False,True
0503100000026873,slanted,0.6790297031402588,ahn5,False,True
0503100000026954,slanted,0.8296673893928528,ahn4,False,True
0503100000026955,slanted,0.22154559195041656,ahn5,False,True
0503100000026956,slanted,0.18910832703113556,ahn5,False,True
0503100000027562,slanted,3.421082019805908,ahn4,False,True
0503100000027952,multiple horizontal,0.08506186306476593,ahn5,False,True
0503100000027975,horizontal,0.01615949720144272,ahn5,False,True
0503100000028043,multiple horizontal,0.07480016350746155,ahn5,False,True
0503100000028157,horizontal,0.03422264754772186,ahn5,False,True
0503100000028158,horizontal,0.017551196739077568,ahn5,False,True
0503100000028159,slanted,0.1716759204864502,ahn5,False,True
0503100000028265,multiple horizontal,0.030161993578076363,ahn5,False,True
0503100000028266,horizontal,0.012689393013715744,ahn5,False,True
0503100000028562,horizontal,0.031123071908950806,ahn5,False,True
0503100000028563,horizontal,0.025416098535060883,ahn5,False,True
0503100000028564,horizontal,0.022598782554268837,ahn5,False,True
0503100000028565,horizontal,0.023509956896305084,ahn5,False,True
0503100000028571,horizontal,0.021629851311445236,ahn5,False,True
0503100000028572,slanted,0.03920252248644829,ahn5,False,True
0503100000028573,slanted,0.03846224769949913,ahn5,False,True
0503100000028574,horizontal,0.014692620374262333,ahn5,False,True
0503100000028575,slanted,0.04164588823914528,ahn5,False,True
0503100000029404,horizontal,0.015435107983648777,ahn5,False,True
0503100000029405,horizontal,0.029346173629164696,ahn5,False,True
0503100000029407,slanted,1.721563458442688,ahn5,False,True
0503100000029413,slanted,0.10924576222896576,ahn5,False,True
0503100000029726,slanted,0.23790180683135986,ahn5,False,True
0503100000030019,slanted,0.06392161548137665,ahn5,False,True
0503100000030020,horizontal,0.04436901956796646,ahn5,False,True
0503100000030021,horizontal,0.04754430055618286,ahn5,False,True
0503100000030022,horizontal,0.053375665098428726,ahn5,False,True
0503100000030023,horizontal,0.05824822932481766,ahn5,False,True
0503100000030024,horizontal,0.05481824278831482,ahn5,False,True
0503100000030025,horizontal,0.023210719227790833,ahn5,False,True
0503100000030026,horizontal,0.05488686263561249,ahn5,False,True
0503100000030027,slanted,0.06627009809017181,ahn5,False,True
0503100000030049,slanted,1.6350919008255005,ahn5,False,False
0503100000030050,horizontal,0.5500060319900513,ahn5,False,True
0503100000030051,slanted,0.991406261920929,ahn5,False,True
0503100000030052,slanted,1.0892596244812012,ahn5,False,True
0503100000030105,slanted,0.044344473630189896,ahn5,False,True
0503100000030106,slanted,0.0738685205578804,ahn5,False,True
0503100000030107,slanted,0.0363391637802124,ahn5,False,True
0503100000030108,slanted,0.06098126992583275,ahn5,False,True
0503100000030109,horizontal,0.02383291721343994,ahn5,False,True
0503100000030110,horizontal,0.02415781281888485,ahn5,False,True
0503100000030111,slanted,0.041906680911779404,ahn5,False,True
0503100000030112,slanted,0.050224561244249344,ahn5,False,True
0503100000030113,slanted,0.040338724851608276,ahn5,False,True
0503100000030114,horizontal,0.019764192402362823,ahn5,False,True
0503100000030115,slanted,0.04613686352968216,ahn5,False,True
0503100000030233,horizontal,0.03065948560833931,ahn5,False,True
0503100000030234,horizontal,0.029136430472135544,ahn5,False,True
0503100000030235,horizontal,0.08536373823881149,ahn5,False,True
0503100000030236,horizontal,0.0508393757045269,ahn5,False,True
0503100000030237,slanted,0.15794843435287476,ahn5,False,True
0503100000030238,horizontal,0.0890444815158844,ahn5,False,True
0503100000030304,horizontal,0.09029165655374527,ahn5,False,True
0503100000030305,horizontal,0.09014035016298294,ahn5,False,True
0503100000030400,horizontal,0.022849520668387413,ahn5,False,True
0503100000030498,horizontal,0.021691422909498215,ahn5,False,True
0503100000030808,multiple horizontal,0.03822284936904907,ahn5,False,True
0503100000030967,horizontal,0.013405091129243374,ahn5,False,True
0503100000030968,horizontal,0.017802631482481956,ahn5,False,True
0503100000031080,slanted,0.15510524809360504,ahn5,False,True
0503100000031164,slanted,0.9600107669830322,ahn5,False,True
0503100000031165,slanted,0.7773696184158325,ahn5,False,True
0503100000031166,slanted,0.2589840888977051,ahn5,False,True
0503100000031167,slanted,0.041374556720256805,ahn5,False,True
0503100000031168,horizontal,0.015384974889457226,ahn5,False,True
0503100000031245,slanted,0.3116188943386078,ahn5,False,True
0503100000031261,slanted,1.188923954963684,ahn5,False,True
0503100000031312,horizontal,0.027211138978600502,ahn5,False,True
0503100000031359,slanted,1.8350261449813843,ahn5,False,True
0503100000031360,multiple horizontal,0.06545012444257736,ahn5,False,True
0503100000031361,slanted,0.7594090700149536,ahn5,False,True
0503100000031362,slanted,0.30917924642562866,ahn5,False,False
0503100000031363,slanted,0.26247096061706543,ahn5,False,True
0503100000031364,slanted,0.7230137586593628,ahn5,False,True
0503100000031365,slanted,0.49648189544677734,ahn5,False,True
0503100000031367,horizontal,0.08136704564094543,ahn5,False,True
0503100000031368,horizontal,0.04443851113319397,ahn5,False,True
0503100000031377,multiple horizontal,2.038473606109619,ahn5,False,True
0503100000031378,slanted,1.9711930751800537,ahn5,False,True
0503100000031379,slanted,1.9794899225234985,ahn5,False,True
0503100000031380,horizontal,0.7514732480049133,ahn5,False,True
0503100000031381,horizontal,0.8231226205825806,ahn5,False,True
0503100000031382,multiple horizontal,1.9204373359680176,ahn5,False,True
0503100000031383,slanted,1.683010458946228,ahn5,False,True
0503100000031405,slanted,0.9066795110702515,ahn5,False,True
0503100000031406,horizontal,0.0237358920276165,ahn5,False,True
0503100000031407,horizontal,0.019669050350785255,ahn5,False,True
0503100000031408,horizontal,0.019906500354409218,ahn5,False,True
0503100000031409,horizontal,0.026948561891913414,ahn5,False,True
0503100000031429,slanted,1.9368666410446167,ahn4,False,True
0503100000031431,horizontal,0.03903593495488167,ahn5,False,True
0503100000031432,horizontal,0.12030769139528275,ahn5,False,True
0503100000031433,horizontal,0.038985081017017365,ahn5,False,True
0503100000031434,horizontal,0.03528227657079697,ahn5,False,True
0503100000031435,horizontal,0.036656349897384644,ahn5,False,True
0503100000031436,horizontal,0.04427514970302582,ahn5,False,True
0503100000031437,horizontal,0.03044646605849266,ahn5,False,True
0503100000031438,horizontal,0.046964939683675766,ahn5,False,True
0503100000031439,horizontal,0.029305923730134964,ahn5,False,True
0503100000031440,horizontal,0.024060219526290894,ahn5,False,True
0503100000031441,slanted,0.3888639807701111,ahn5,True,True
0503100000031442,horizontal,0.03418650105595589,ahn5,False,True
0503100000031443,horizontal,0.020578403025865555,ahn5,False,True
0503100000031455,slanted,0.07381941378116608,ahn5,False,True
0503100000031457,slanted,0.06165114790201187,ahn5,False,True
0503100000031584,slanted,0.15826794505119324,ahn5,False,True
0503100000031585,horizontal,0.01479500811547041,ahn5,False,True
0503100000031589,horizontal,0.06594107300043106,ahn5,False,True
0503100000031590,horizontal,0.008401729166507721,ahn5,False,True
0503100000031591,horizontal,0.011078932322561741,ahn5,False,True
0503100000031592,horizontal,0.010371665470302105,ahn5,False,True
0503100000031593,horizontal,0.00969861913472414,ahn5,False,True
0503100000031594,horizontal,0.009595225565135479,ahn5,False,True
0503100000031595,horizontal,0.02235628478229046,ahn5,False,True
0503100000031596,horizontal,0.010420819744467735,ahn5,False,True
0503100000031633,horizontal,0.04257706552743912,ahn5,False,True
0503100000031644,slanted,1.0149168968200684,ahn5,False,True
0503100000031733,slanted,0.9216510653495789,ahn5,False,True
0503100000031734,horizontal,0.02413363568484783,ahn5,False,True
0503100000031822,slanted,0.058790095150470734,ahn5,False,True
0503100000031823,horizontal,0.026850055903196335,ahn5,False,True
0503100000031824,slanted,2.718031644821167,ahn5,False,True
0503100000032476,horizontal,0.09822212904691696,ahn5,False,True
0503100000032612,horizontal,0.023870371282100677,ahn5,False,True
0503100000032613,horizontal,0.02588665299117565,ahn5,False,True
0503100000032614,horizontal,0.0178937166929245,ahn5,False,True
0503100000032615,horizontal,0.020032551139593124,ahn5,False,True
0503100000032616,horizontal,0.016732698306441307,ahn5,False,True
0503100000032617,horizontal,0.023161331191658974,ahn5,False,True
0503100000032618,horizontal,0.02067134901881218,ahn5,False,True
0503100000032697,horizontal,0.015596475452184677,ahn5,False,True
0503100000032908,slanted,0.6783076524734497,ahn5,False,True
0503100000032956,slanted,2.3692798614501953,ahn5,False,False
0503100000032968,horizontal,0.04797348007559776,ahn5,False,True
0503100000033305,slanted,1.543449878692627,ahn5,False,True
0503100000033312,horizontal,0.04631822928786278,ahn5,False,True
0503100000033352,multiple horizontal,0.04561464115977287,ahn5,False,True
0503100000033561,multiple horizontal,3.4036779403686523,ahn5,False,True
0503100000033567,slanted,1.2277745008468628,ahn5,False,True
0503100000033568,slanted,0.2690788507461548,ahn5,False,True
0503100000033569,slanted,0.21452131867408752,ahn5,False,True
0503100000033570,slanted,0.12478406727313995,ahn5,False,True
0503100000033571,slanted,0.19790413975715637,ahn5,False,True
0503100000033572,slanted,0.1810077726840973,ahn5,False,True
0503100000033573,slanted,0.1575438529253006,ahn5,False,True
0503100000033574,slanted,0.2735682427883148,ahn5,False,True
0503100000033575,slanted,0.25322794914245605,ahn5,False,True
0503100000033984,slanted,0.13596056401729584,ahn5,False,True
0503100000034020,horizontal,0.3256719410419464,ahn5,False,True
0503100000034084,horizontal,0.01867310144007206,ahn5,False,True
0503100000034229,horizontal,0.05237612500786781,ahn5,False,True
0503100000034482,slanted,0.30206605792045593,ahn5,False,True
0503100000034526,slanted,0.024522602558135986,ahn5,False,True
0503100000034547,horizontal,0.025118250399827957,ahn5,False,True
0503100000034782,slanted,0.10992737859487534,ahn5,False,True
0503100000034844,horizontal,0.04755454510450363,ahn5,False,True
0503100000034895,slanted,1.3547308444976807,ahn5,False,False
0503100000034947,horizontal,0.04099995642900467,ahn5,False,True
0503100000034967,horizontal,0.03313719108700752,ahn5,False,True
0503100000035282,slanted,2.093390941619873,ahn5,False,False
0503100000035337,slanted,0.48537206649780273,ahn5,False,False
0503100000035763,slanted,1.8760582208633423,ahn5,False,True
0503100000036583,horizontal,0.021257277578115463,ahn5,False,True
0503100000036584,horizontal,0.032181475311517715,ahn5,False,True
0503100000036585,slanted,1.2703951597213745,ahn5,False,True
0503100000036714,slanted,0.8192338943481445,ahn5,False,True
0503100000036827,slanted,0.03675305098295212,ahn5,True,True
0503100000036936,horizontal,0.023819981142878532,ahn5,False,True
0503100000036937,horizontal,0.03714742511510849,ahn5,False,True
0503100000036938,horizontal,0.009458155371248722,ahn5,False,True
0503100000037210,slanted,0.2462092638015747,ahn5,False,True
0503100000037335,slanted,1.450473666191101,ahn5,True,True
0503100000037336,slanted,0.533902645111084,ahn5,True,True
0503100000038177,slanted,1.0137763023376465,ahn5,False,True
0503100000038383,horizontal,0.05578792840242386,ahn5,True,True
0503100000038554,horizontal,0.06645169854164124,ahn5,True,True
0503100000038556,horizontal,0.2891242206096649,ahn3,False,True
0503100000038676,horizontal,0.03173161298036575,ahn4,False,True
0503100000038677,slanted,0.7843238711357117,ahn3,False,True
0503100000038678,horizontal,0.4636504650115967,ahn3,False,True
0503100000038679,horizontal,0.09266414493322372,ahn3,False,True
0503100000039600,horizontal,0.6743417978286743,ahn3,False,True
0503100000039601,horizontal,0.435115247964859,ahn3,False,True
0503100000039603,slanted,0.49852219223976135,ahn3,False,True
0503100000039606,horizontal,0.3967455327510834,ahn3,False,True
0503100000039607,horizontal,0.3892965614795685,ahn3,False,True
0503100000039608,slanted,0.19820067286491394,ahn3,False,True
0503100000039609,horizontal,0.1501610428094864,ahn3,False,True
0503100000039616,slanted,0.2729521095752716,ahn3,False,False
0503100000039617,horizontal,0.08007107675075531,ahn3,False,True
0503100000039618,slanted,0.27192422747612,ahn3,False,True
0503100000039619,slanted,0.19057819247245789,ahn3,False,True
0503100000039620,horizontal,0.34149372577667236,ahn3,False,True
0503100000039621,horizontal,0.12443674355745316,ahn3,False,True
0503100000039623,slanted,0.1730560064315796,ahn3,False,True
0503100000039628,slanted,0.44915854930877686,ahn3,False,True
0503100000039635,horizontal,0.14825019240379333,ahn3,False,True
0503100000039646,slanted,0.2326209545135498,ahn3,False,True
0503100000039649,horizontal,0.12401272356510162,ahn3,False,True
0503100000039650,slanted,0.06248937547206879,ahn3,False,True
0503100000039654,horizontal,0.35506072640419006,ahn3,False,True
0503100000039655,horizontal,0.16432926058769226,ahn3,False,True
0503100000039656,slanted,0.015608632005751133,ahn5,False,True
