bag_id,footprint_area_m2,alan,gebruiksdoel,bouwjaar,status,point_count,building_class_ratio,ground_class_ratio,single_return_density_above_2m,class6_footprint_coverage,bouwjaar_belirsiz
0503100000037335,1961.80,A,woonfunctie,2023,Pand in gebruik,62783,0.7439,0.0970,23.613,0.8586,EVET
0503100000041285,1664.97,A,"onderwijsfunctie,sportfunctie",2026,Pand in gebruik (niet ingemeten),124119,0.0000,0.6213,0.058,0.0000,hayir
0503100000037336,1251.64,A,"bijeenkomstfunctie,overige gebruiksfunctie,woonfunctie",2023,Pand in gebruik,84503,0.5655,0.0017,48.468,0.9944,EVET
0503100000037573,1078.16,B,"bijeenkomstfunctie,overige gebruiksfunctie,woonfunctie",2024,Pand in gebruik,22540,0.7540,0.0000,0.000,1.0000,hayir
0503100000038177,819.92,A,"winkelfunctie,woonfunctie",2025,Pand in gebruik,62165,0.7855,0.0017,69.580,0.9876,hayir
0503100000037594,596.05,B,"gezondheidszorgfunctie,woonfunctie",2023,Pand in gebruik,9917,0.9265,0.0001,14.262,0.9946,EVET
0503100000038202,485.66,B,"kantoorfunctie,woonfunctie",2025,Pand in gebruik,6880,0.0577,0.7839,1.518,0.1267,hayir
0503100000037337,348.75,B,"kantoorfunctie,winkelfunctie,woonfunctie",2023,Pand in gebruik,5944,0.9108,0.0000,0.000,1.0000,EVET
0503100000038425,334.50,B,"kantoorfunctie,woonfunctie",2026,Pand in gebruik (niet ingemeten),5649,0.0000,0.6245,3.456,0.0000,hayir
0503100000037558,122.54,B,woonfunctie,2023,Pand in gebruik,2457,0.7566,0.0000,0.000,0.9592,EVET
0503100000037362,89.89,B,woonfunctie,2023,Pand in gebruik,1703,0.8256,0.0018,16.910,1.0000,EVET
0503100000037559,86.86,B,woonfunctie,2024,Pand in gebruik,1165,0.3691,0.1768,6.125,0.4848,hayir
0503100000037556,86.15,B,woonfunctie,2024,Pand in gebruik,1081,0.3497,0.1758,3.900,0.6774,hayir
0503100000037321,81.41,B,"kantoorfunctie,woonfunctie",2023,Pand in gebruik,1371,0.8673,0.0000,0.000,0.9677,EVET
0503100000037331,71.57,B,woonfunctie,2023,Pand in gebruik,1647,0.6782,0.0000,0.000,0.9655,EVET
0503100000037582,69.71,B,woonfunctie,2023,Pand in gebruik,1185,0.8700,0.0025,14.403,1.0000,EVET
0503100000037579,64.28,B,woonfunctie,2023,Pand in gebruik,1081,0.8825,0.0000,0.000,1.0000,EVET
0503100000037583,61.09,B,woonfunctie,2023,Pand in gebruik,1007,0.9166,0.0000,0.000,1.0000,EVET
0503100000037589,61.07,B,woonfunctie,2023,Pand in gebruik,1093,0.8079,0.0320,14.802,1.0000,EVET
0503100000037581,60.75,B,woonfunctie,2023,Pand in gebruik,998,0.9299,0.0000,0.000,1.0000,EVET
0503100000037580,60.74,B,woonfunctie,2023,Pand in gebruik,988,0.9271,0.0000,0.000,1.0000,EVET
0503100000037319,59.09,B,woonfunctie,2023,Pand in gebruik,948,0.9103,0.0000,0.000,1.0000,EVET
0503100000037555,58.46,B,woonfunctie,2024,Pand in gebruik,1120,0.7188,0.0000,0.000,1.0000,hayir
0503100000037508,58.30,B,woonfunctie,2024,Pand in gebruik,872,0.4599,0.0149,4.031,0.7917,hayir
0503100000037584,57.40,B,woonfunctie,2023,Pand in gebruik,950,0.8979,0.0000,0.000,1.0000,EVET
0503100000037320,56.54,B,woonfunctie,2023,Pand in gebruik,996,0.8514,0.0000,0.000,1.0000,EVET
0503100000037593,55.84,B,woonfunctie,2023,Pand in gebruik,882,0.9229,0.0000,0.000,1.0000,EVET
0503100000037586,54.27,B,woonfunctie,2023,Pand in gebruik,902,0.9013,0.0078,15.293,1.0000,EVET
0503100000037590,54.13,B,woonfunctie,2023,Pand in gebruik,886,0.9187,0.0000,0.000,1.0000,EVET
0503100000037588,54.06,B,woonfunctie,2023,Pand in gebruik,925,0.8908,0.0000,0.000,0.9600,EVET
0503100000037592,54.06,B,woonfunctie,2023,Pand in gebruik,877,0.9190,0.0000,0.000,0.9565,EVET
0503100000037591,54.00,B,woonfunctie,2023,Pand in gebruik,872,0.9140,0.0000,0.000,0.8696,EVET
0503100000037587,53.91,B,woonfunctie,2023,Pand in gebruik,903,0.8682,0.0066,13.670,1.0000,EVET
0503100000037585,51.53,B,woonfunctie,2023,Pand in gebruik,849,0.8645,0.0000,0.000,1.0000,EVET
0503100000038383,37.44,A,overige gebruiksfunctie,2023,Pand in gebruik,1180,0.8153,0.0051,26.973,1.0000,EVET
0503100000038212,28.46,A,,2023,Pand in gebruik,9324,0.0000,0.2615,0.141,0.0000,EVET
0503100000038258,24.22,A,,2023,Pand in gebruik,2515,0.0000,0.2962,0.289,0.0000,EVET
0503100000038209,23.06,B,,2023,Pand in gebruik,2233,0.0000,0.0125,22.980,0.0000,EVET
0503100000038659,19.44,B,woonfunctie,2024,Pand in gebruik,458,0.9127,0.0022,21.762,1.0000,hayir
0503100000038374,6.20,B,,2023,Pand in gebruik,99,0.0000,0.6970,0.000,0.0000,EVET
0503100000038373,6.20,B,,2023,Pand in gebruik,108,0.0000,0.4259,0.000,0.0000,EVET
0503100000038380,6.19,B,,2023,Pand in gebruik,102,0.0000,0.4216,6.299,0.0000,EVET
0503100000038379,6.19,B,,2023,Pand in gebruik,134,0.0000,0.2836,9.048,0.0000,EVET
0503100000038381,6.18,B,,2023,Pand in gebruik,103,0.0000,0.2524,0.000,0.0000,EVET
0503100000038378,6.18,B,,2023,Pand in gebruik,102,0.0000,0.1275,0.000,0.0000,EVET
0503100000038377,6.18,B,,2023,Pand in gebruik,108,0.0000,0.3519,0.000,0.0000,EVET
0503100000038371,6.17,B,,2023,Pand in gebruik,103,0.0000,0.2913,8.748,0.0000,EVET
0503100000038375,6.15,B,,2023,Pand in gebruik,101,0.0000,0.5149,4.393,0.0000,EVET
0503100000038210,6.00,B,,2023,Pand in gebruik,1419,0.0000,0.2037,0.000,0.0000,EVET
0503100000039597,3.12,B,,2024,Pand in gebruik,82,0.0000,0.4390,0.000,0.0000,hayir
